{
    "sets": [
        {
            "name": "Set 1: Basic Words",
            "cards": [
                {
                    "word": "Abandon",
                    "example": "She decided to abandon her old car.",
                    "meaning": "ত্যাগ করা, পরিত্যক্ত করা",
                    "synonym": "Discard, drop, forsake, quit, leave",
                    "antonym": "Pursuit, quest"
                },
                {
                    "word": "Abase",
                    "example": "He felt abased by the criticism.",
                    "meaning": "ছোট করা, হেয় করা",
                    "synonym": "Lower, humiliate, dishonor",
                    "antonym": "Elevate, honor, praise, uplift"
                },
                {
                    "word": "Abash",
                    "example": "She was abashed by her mistake.",
                    "meaning": "লজ্জায় ফেলা, অপ্রস্তুত করা",
                    "synonym": "Embarrass, perplex, ashamed",
                    "antonym": "Dignify, exalt"
                },
                {
                    "word": "Abate",
                    "example": "The storm began to abate.",
                    "meaning": "হ্রাস করা, ছোট করা",
                    "synonym": "Subside, decrease, lessen, diminish",
                    "antonym": "Magnify, increase, enlarge, ameliorate"
                },
                {
                    "word": "Abbreviate",
                    "example": "Please abbreviate the long paragraph.",
                    "meaning": "সংক্ষিপ্ত করা",
                    "synonym": "Shorten",
                    "antonym": "Enlarge"
                },
                {
                    "word": "Abide",
                    "example": "He will abide by the rules.",
                    "meaning": "অপেক্ষা করা, বাস করা, মেনে চলা",
                    "synonym": "Dwell, accept, stay, live in",
                    "antonym": "Disagree"
                },
                {
                    "word": "Abolish",
                    "example": "The government decided to abolish the law.",
                    "meaning": "লোপ করা",
                    "synonym": "Annul, cancel, nullify, perform",
                    "antonym": "Produce, fabricate"
                },
                {
                    "word": "Abrade",
                    "example": "The rough surface abraded his skin.",
                    "meaning": "ঘষে তুলে ফেলা, ক্ষত করা",
                    "synonym": "Grind, friction, rub",
                    "antonym": "Smoothen, even, fresh"
                },
                {
                    "word": "Accord",
                    "example": "They reached an accord on the issue.",
                    "meaning": "(অনুমতি) দেয়া, মিল হওয়া",
                    "synonym": "Admit, allow, grant, agree",
                    "antonym": "Oppose, challenge, disallow"
                },
                {
                    "word": "Accumulate",
                    "example": "He accumulated a lot of wealth over the years.",
                    "meaning": "জড়ো হওয়া, বা একত্র করা",
                    "synonym": "Gather, come together, amass, assemble",
                    "antonym": "Scatter, squander, disperse, disseminate"
                },
                {
                    "word": "Acknowledge",
                    "example": "She acknowledged her mistake.",
                    "meaning": "স্বীকার করা",
                    "synonym": "Admit, certify, accept, endorse",
                    "antonym": "Deny, refuse, decline"
                },
                {
                    "word": "Acme",
                    "example": "He reached the acme of his career.",
                    "meaning": "সর্বোচ্চ সীমা",
                    "synonym": "Summit, pinnacle, zenith",
                    "antonym": "Lowest point, base"
                },
                {
                    "word": "Admiration",
                    "example": "She looked at him with admiration.",
                    "meaning": "শ্রদ্ধা, ভালবাসা",
                    "synonym": "Appreciation, praise, glorification",
                    "antonym": "Hate, contempt, disgust"
                },
                {
                    "word": "Adopt",
                    "example": "They decided to adopt a child.",
                    "meaning": "নিজের বলে গ্রহণ করা",
                    "synonym": "Assume, accept, approve",
                    "antonym": "Reject, disprove"
                },
                {
                    "word": "Adept",
                    "example": "He is adept at solving puzzles.",
                    "meaning": "দক্ষ",
                    "synonym": "Skillful, expert, dexterous",
                    "antonym": "Inept, slovenly"
                },
                {
                    "word": "Ambiguous",
                    "example": "His answer was ambiguous.",
                    "meaning": "সন্দেহজনক",
                    "synonym": "Doubtful, dubious",
                    "antonym": "Clear"
                },
                {
                    "word": "Ambition",
                    "example": "Her ambition is to become a doctor.",
                    "meaning": "উচ্চাকাঙ্খা",
                    "synonym": "Aspiration, desire, attainment",
                    "antonym": "Humility, placidity, laziness"
                },
                {
                    "word": "Anonymous",
                    "example": "The author chose to remain anonymous.",
                    "meaning": "রচয়িতার নামহীন",
                    "synonym": "Nameless, Unnamed",
                    "antonym": "Named, signed"
                },
                {
                    "word": "Antipathy",
                    "example": "He felt antipathy towards his rival.",
                    "meaning": "বিতৃষ্ণা, ঘৃণা",
                    "synonym": "Hatred, bitterness, hostility, revulsion",
                    "antonym": "Admiration, respect, love"
                },
                {
                    "word": "Authentic",
                    "example": "This is an authentic piece of art.",
                    "meaning": "প্রকৃত, প্রামানিক, খাঁটি",
                    "synonym": "Real, genuine, accredited",
                    "antonym": "Spurious, false, unauthorized"
                },
                {
                    "word": "Awkward",
                    "example": "He felt awkward in the new environment.",
                    "meaning": "কদর্য, আনাড়ি, অপ্রস্তুত",
                    "synonym": "Artful, adroit, skilful",
                    "antonym": "Ungainly, slovenly, not skilful, embarrassed"
                },
                {
                    "word": "Ban",
                    "example": "The government imposed a ban on smoking.",
                    "meaning": "নিষেধাজ্ঞা, বহিষ্কৃত করা",
                    "synonym": "Prohibition, interdict, restriction, proscription",
                    "antonym": "Unrestricted, induct unprohibited"
                },
                {
                    "word": "Brief",
                    "example": "He gave a brief explanation.",
                    "meaning": "সংক্ষিপ্ত",
                    "synonym": "Short, loquacious, succinct, concise",
                    "antonym": "Prolix, copious"
                },
                {
                    "word": "Bustle",
                    "example": "The city streets were full of bustle.",
                    "meaning": "ব্যস্ততা, গন্ডগোল",
                    "synonym": "Hustle, agitation",
                    "antonym": "Inertia, inactivity"
                },
                {
                    "word": "Brittle",
                    "example": "The brittle glass broke easily.",
                    "meaning": "ভঙ্গুর",
                    "synonym": "Fragile, frail, tenuous, breakable",
                    "antonym": "Strong, wiry enduring resistible"
                },
                {
                    "word": "Calamity",
                    "example": "The earthquake was a great calamity.",
                    "meaning": "দুদৈর্ব, দুঃখ",
                    "synonym": "Mishap, misery, distress, disaster, affliction",
                    "antonym": "Comfort, benediction, favor, bon"
                },
                {
                    "word": "Catastrophe",
                    "example": "The flood was a catastrophe for the village.",
                    "meaning": "আকস্মিক দূর্ঘটনা, চরম পরিণতি",
                    "synonym": "Disaster, calamity, final outcome",
                    "antonym": "Comfort, favor"
                },
                {
                    "word": "Compel",
                    "example": "The law compels us to pay taxes.",
                    "meaning": "বাধ্য করা",
                    "synonym": "Enforce, oblige, drive",
                    "antonym": "Set free, thwart, baffle"
                },
                {
                    "word": "Comprehend",
                    "example": "She could not comprehend the complex problem.",
                    "meaning": "উপলদ্ধি করা, অন্তর্ভূক্ত করা",
                    "synonym": "Grasp, apprehend, conceive",
                    "antonym": "Misapprehend, mistake"
                },
                {
                    "word": "Concede",
                    "example": "He conceded defeat in the debate.",
                    "meaning": "স্বীকার করা, ত্যাগ করা",
                    "synonym": "Assents, grant, surrender, admit",
                    "antonym": "Dispute, contradict, repudiate, dissent"
                },
                {
                    "word": "Contribute",
                    "example": "He contributed to the charity.",
                    "meaning": "চাঁদা দেওয়া, অংশ নেওয়া",
                    "synonym": "Share, cooperate, assist, furnish",
                    "antonym": "Relinquish, counteract, withhold, disapprove"
                },
                {
                    "word": "Convenient",
                    "example": "The location is very convenient.",
                    "meaning": "সুবিধাজনক",
                    "synonym": "Handy, suitable, commodious, opportune",
                    "antonym": "Unsuitable, inopportune, out-of-the-way"
                },
                {
                    "word": "Copious",
                    "example": "She took copious notes during the lecture.",
                    "meaning": "প্রচুর",
                    "synonym": "Plentiful, abundant, ample, bountiful, profuse",
                    "antonym": "Scarce, deficient, scanty, rate"
                },
                {
                    "word": "Daunt",
                    "example": "The challenge did not daunt him.",
                    "meaning": "ভীত করা, নিরুৎসাহিত করা",
                    "synonym": "Intimidate, appall, dismay, discourage",
                    "antonym": "Inspire, animate, incite instigate"
                },
                {
                    "word": "Dearth",
                    "example": "There is a dearth of skilled workers.",
                    "meaning": "দুষ্প্রাপ্যতা, অভাব",
                    "synonym": "Scarcity, want, famine",
                    "antonym": "Abundance, plenty"
                },
                {
                    "word": "Debase",
                    "example": "The scandal debased his reputation.",
                    "meaning": "অবনত করা, খাদ মেশানো",
                    "synonym": "Degrade, taint, adulterate, disgrace, pervert",
                    "antonym": "Elevate, enhance, improve"
                },
                {
                    "word": "Decay",
                    "example": "The old building is in a state of decay.",
                    "meaning": "ক্ষয়, পচন, অবনতি",
                    "synonym": "Decline, collapse, downfall, rottenness",
                    "antonym": "Growth, strength, force animation, robustness"
                },
                {
                    "word": "Deliberate",
                    "example": "They deliberated for hours before making a decision.",
                    "meaning": "বিবেচনা করা",
                    "synonym": "Ponder, estimate, reflect",
                    "antonym": "Put off, disclaim, repudiate, spurn, scorn, scoff"
                },
                {
                    "word": "Deliberate",
                    "example": "It was a deliberate attempt to mislead.",
                    "meaning": "সুবিবেচক, সুচিন্তিত",
                    "synonym": "Thoughtful, considered, pondered, reasoned",
                    "antonym": "Rash, imprudent, careless, happy-go lucky"
                },
                {
                    "word": "Demonstrate",
                    "example": "He demonstrated how to use the machine.",
                    "meaning": "প্রমান করা, প্রদর্শন করা",
                    "synonym": "Evince, manifest, explain",
                    "antonym": "Veil, mystify, perplex, mask"
                },
                {
                    "word": "Deprive",
                    "example": "The storm deprived them of electricity.",
                    "meaning": "বঞ্চিত করা, বিযুক্ত করা",
                    "synonym": "Despoil, debar, hinder, divest, separate",
                    "antonym": "Add, assist, repay refund"
                },
                {
                    "word": "Desperate",
                    "example": "He made a desperate attempt to save the situation.",
                    "meaning": "মরিয়া, হতাশ",
                    "synonym": "Daring, reckless, furious, hopeless, irretrievable",
                    "antonym": "Calm, peaceful, hopeful"
                },
                {
                    "word": "Diligence",
                    "example": "Her diligence led to her success.",
                    "meaning": "অধ্যবসায়, পরিশ্রম",
                    "synonym": "Assiduity, industry, heeds intensity",
                    "antonym": "Laziness, ennui, indolence, sluggishness"
                },
                {
                    "word": "Disparate",
                    "example": "The two theories are disparate.",
                    "meaning": "অসম, তুলনার অযোগ্য",
                    "synonym": "Unequal, dissimilar, diverse",
                    "antonym": "Identical, equivalent uniform, commensurate"
                },
                {
                    "word": "Doctrine",
                    "example": "The doctrine of equality is important.",
                    "meaning": "মতবাদ, বিশ্বাস, দেশ",
                    "synonym": "Dogma, precept, tenet, credence, confection",
                    "antonym": "Depression, melancholy"
                },
                {
                    "word": "Dissent",
                    "example": "There was dissent among the members.",
                    "meaning": "মতভেদ, ভিন্নমত হওয়া",
                    "synonym": "Schism, heterodoxy, falsehood, incredulity, skepticism",
                    "antonym": "Agreement, accordance, congruity, covenants sanction, endorse"
                },
                {
                    "word": "Dispute",
                    "example": "They had a dispute over the property.",
                    "meaning": "বিবাদ করা, বিতর্ক করা",
                    "synonym": "Argument, disagreement, estrangement, contest, variance",
                    "antonym": "Placate, mollify, assuage, mitigate, conciliate"
                },
                {
                    "word": "Distract",
                    "example": "The noise distracted him from his work.",
                    "meaning": "অন্যমনষ্ক করা, হতবুদ্ধি করা",
                    "synonym": "Perplex, bewilder, confuse, mystify, embarrass",
                    "antonym": "Remove, renounce, desert, quit"
                },
                {
                    "word": "Dwell",
                    "example": "He dwells in a small village.",
                    "meaning": "বাস করা",
                    "synonym": "Inhabit, sojourn, linger, tarry, reside",
                    "antonym": ""
                },
                {
                    "word": "Ecstasy",
                    "example": "She was in ecstasy after winning the prize.",
                    "meaning": "উল্লাস, মোহাবিষ্ট অবস্থা",
                    "synonym": "Delight, exaltation, rapture, frenzy, trance",
                    "antonym": "Hideous, homely, repulsive, unsightly"
                },
                {
                    "word": "Elegant",
                    "example": "She wore an elegant dress.",
                    "meaning": "মার্জিত, সুশ্রী",
                    "synonym": "Charming, comely, refined",
                    "antonym": ""
                },
                {
                    "word": "Embarrass",
                    "example": "He was embarrassed by his mistake.",
                    "meaning": "বিব্রত করা",
                    "synonym": "Abash, entangle, fluster, perplex, rattle, encumber",
                    "antonym": "Encourage, relieve"
                },
                {
                    "word": "Endorsement",
                    "example": "The product received an endorsement from the celebrity.",
                    "meaning": "অনুমন, সমর্থন",
                    "synonym": "Approbation, commendation, consent, sanctions",
                    "antonym": "Censure, reprimand, reproach"
                },
                {
                    "word": "Endure",
                    "example": "She endured the pain bravely.",
                    "meaning": "সহ্য করা, স্থায়ী হওয়া",
                    "synonym": "Brook, sustain, tolerate, undergo, persist",
                    "antonym": "Falter, succumb, disperse, wane"
                },
                {
                    "word": "Enterprising",
                    "example": "He is an enterprising young man.",
                    "meaning": "দুঃসাহসী, উদ্যোগী",
                    "synonym": "Adventurous, chivalrous, daring, foolhardy",
                    "antonym": "Cautious, hesitating, timid"
                },
                {
                    "word": "Enthusiasm",
                    "example": "She showed great enthusiasm for the project.",
                    "meaning": "গভীর আগ্রহ",
                    "synonym": "Earnestness, excitement, fanaticism, fervency, fervor, zeal",
                    "antonym": "Apathy, ennui unconcern"
                },
                {
                    "word": "Erroneous",
                    "example": "The report was based on erroneous information.",
                    "meaning": "ভ্রান্ত",
                    "synonym": "Faulty, improper, aberrant, iniquitous",
                    "antonym": "Correct, right, proper"
                },
                {
                    "word": "Eternal",
                    "example": "The eternal beauty of the mountains is breathtaking.",
                    "meaning": "সনাতন, শাশ্বত",
                    "synonym": "Ceaseless, everlasting, infinite, perpetual",
                    "antonym": "Ephemeral, finite, temporal, transient"
                },
                {
                    "word": "Ethical",
                    "example": "It is important to make ethical decisions.",
                    "meaning": "নৈতিক",
                    "synonym": "Chaste, honorable, moral, virtuous",
                    "antonym": "Libertine, licentious, sinful"
                },
                {
                    "word": "Execute",
                    "example": "The plan was executed perfectly.",
                    "meaning": "সম্পাদন করা, প্রাণদন্ড দেয়া",
                    "synonym": "Accomplish, achieve, consummate, perform",
                    "antonym": "Block, defeat, unaccomplished"
                },
                {
                    "word": "Exemplary",
                    "example": "His behavior was exemplary.",
                    "meaning": "দৃষ্টান্তস্থানীয়, অনুকরণীয়",
                    "synonym": "Faultless, ideal, perfects, outstanding",
                    "antonym": "Faulty, imperfect, deplorable, wretched"
                },
                {
                    "word": "Exploit",
                    "example": "He exploited the opportunity to its fullest.",
                    "meaning": "বীরত্বপূর্ণ কার্য",
                    "synonym": "Deed, accomplishment, achievement, performance",
                    "antonym": "Omission, defeat, failure"
                },
                {
                    "word": "Exploit",
                    "example": "The company was accused of exploiting its workers.",
                    "meaning": "কাজে লাগানো, শোষণ করা",
                    "synonym": "Manipulate, utilize, handle, manage",
                    "antonym": "Ignore, neglect, waste"
                },
                {
                    "word": "Faculty",
                    "example": "She has a great faculty for languages.",
                    "meaning": "মনোবৃত্তি, কার্য-ক্ষমতা, অনুষদ",
                    "synonym": "Ability, talent, magnitude",
                    "antonym": "Impotence, inability, incapacity"
                },
                {
                    "word": "Feeble",
                    "example": "His voice was feeble after the illness.",
                    "meaning": "দুর্বল, অযোগ্য",
                    "synonym": "Delicate exhausted, faint, weak",
                    "antonym": "Forceful, stout, strong, vigorous"
                },
                {
                    "word": "Fickle",
                    "example": "The weather is fickle in this region.",
                    "meaning": "চপল, অস্থির",
                    "synonym": "Capricious, Inconstant, restless",
                    "antonym": "Constant, stable, steadies"
                },
                {
                    "word": "Fluctuate",
                    "example": "Prices tend to fluctuate in the market.",
                    "meaning": "দোলায়মান হওয়া, ইতস্ততঃ করা",
                    "synonym": "Hesitate, oscillate, waver, weak",
                    "antonym": "Adhere stick"
                },
                {
                    "word": "Fragile",
                    "example": "The fragile vase broke easily.",
                    "meaning": "ভঙ্গুর",
                    "synonym": "Breakable, brittle, feeble, frail, weak",
                    "antonym": "Adhere, persist, stick"
                },
                {
                    "word": "Funeral",
                    "example": "The funeral was a somber event.",
                    "meaning": "শোকাবহ, নিরানন্দ, অন্ত্যোষ্টিক্রিয়া",
                    "synonym": "Mournful, dismal, obsequies",
                    "antonym": "Cheerful, gay"
                },
                {
                    "word": "Frugal",
                    "example": "He is frugal with his expenses.",
                    "meaning": "মিতব্যয়ী",
                    "synonym": "Economical, sparing, stingy, thrifty",
                    "antonym": "Extravagant, wasteful"
                },
                {
                    "word": "Gay",
                    "example": "The party was gay and lively.",
                    "meaning": "প্রফুল্ল, লম্পট, সাধারণ",
                    "synonym": "Cheerful, joyful, merry, lewd",
                    "antonym": "Depressed, glum, mournfulsullen"
                },
                {
                    "word": "Gesture",
                    "example": "He made a gesture of goodwill.",
                    "meaning": "ভঙ্গি, অঙ্গভঙ্গি করা",
                    "synonym": "Emblem, omen, portent, symptom (n) explicate (v)",
                    "antonym": "(v) explication"
                },
                {
                    "word": "Glib",
                    "example": "He is a glib talker.",
                    "meaning": "বাকপটু, পিচ্ছিল, অত্যাধিক",
                    "synonym": "Voluble, polished, sleek, slippery",
                    "antonym": "Blunt, harsh, rugged"
                },
                {
                    "word": "Guile",
                    "example": "He used guile to achieve his goals.",
                    "meaning": "প্রতারণা, শঠতা",
                    "synonym": "Hoax, cunning, deceitfulness, deception, duplicity, vileness",
                    "antonym": "Candor, honesty, sincerity"
                },
                {
                    "word": "Hackneyed",
                    "example": "The speech was full of hackneyed phrases.",
                    "meaning": "জীর্ণ, পুরানো, ব্যবহারে ক্লিশে",
                    "synonym": "Banal, ordinary, stale, stereotyped",
                    "antonym": "Modern"
                },
                {
                    "word": "Haughty",
                    "example": "She gave him a haughty look.",
                    "meaning": "উদ্ধত, অহংকারী",
                    "synonym": "Arrogant, disdainful, proud, supercilious, insolent",
                    "antonym": "Ashamed, humble"
                },
                {
                    "word": "Humane",
                    "example": "The humane treatment of animals is important.",
                    "meaning": "দয়ালু",
                    "synonym": "Compassionate, forbearing merciful, tolerant",
                    "antonym": "Brutal, pitiless, unfeeling"
                },
                {
                    "word": "Imitate",
                    "example": "Children often imitate their parents.",
                    "meaning": "অনুকরণ করা",
                    "synonym": "Alter, Ape, counterfeit, duplicate impersonate",
                    "antonym": "diverge"
                },
                {
                    "word": "Imprudent",
                    "example": "It was imprudent to invest all the money in one stock.",
                    "meaning": "অবিবেচক, কাণ্ডজ্ঞানহীন",
                    "synonym": "Heedless, inconsiderate, indiscreet, unconcerned, desultory",
                    "antonym": "Careful meticulous"
                },
                {
                    "word": "Inanimate",
                    "example": "The inanimate object lay on the table.",
                    "meaning": "প্রাণহীন, নিস্তেজ",
                    "synonym": "Defunct, departed, insensible unconscious",
                    "antonym": "Alive, animate, living, stirring"
                },
                {
                    "word": "Inception",
                    "example": "The inception of the project was marked by a meeting.",
                    "meaning": "আরম্ভ",
                    "synonym": "Commencement, origin, outset",
                    "antonym": "Completion termination"
                },
                {
                    "word": "Indecent",
                    "example": "The movie was criticized for its indecent content.",
                    "meaning": "অভদ্র, অশ্লীল",
                    "synonym": "Disgusting, lewd, obscene, pornographic, smutty",
                    "antonym": "Decent, modest, pure, refined"
                },
                {
                    "word": "Indigence",
                    "example": "The family lived in indigence.",
                    "meaning": "দারিদ্র",
                    "synonym": "Destitution, necessity, penury poverty",
                    "antonym": "Abundance, affluence, plenty, wealth"
                },
                {
                    "word": "Indigenous",
                    "example": "The indigenous people of the region have a rich culture.",
                    "meaning": "দেশীয়",
                    "synonym": "Aboriginal, endemic, inborn innate, native",
                    "antonym": "Outlandish, foreign"
                },
                {
                    "word": "Ingenuous",
                    "example": "Her ingenuous nature made her popular.",
                    "meaning": "সরল, নির্দোষ, আন্তরিক",
                    "synonym": "Candid, frank, sincere, naïve",
                    "antonym": "scheming, clever"
                },
                {
                    "word": "Innate",
                    "example": "He has an innate talent for music.",
                    "meaning": "সহজাত",
                    "synonym": "Congenital, inborn, inherent, intrinsic",
                    "antonym": "Acquired, external, extraneous, extrinsic"
                },
                {
                    "word": "Interpret",
                    "example": "Can you interpret this poem?",
                    "meaning": "ব্যাখ্যা করা, অনুবাদ করা",
                    "synonym": "Construe decipher, decode, elucidate, explicate",
                    "antonym": "Confuse, distort, falsify, misconstrue"
                },
                {
                    "word": "Jargon",
                    "example": "The technical jargon was difficult to understand.",
                    "meaning": "অর্থহীন বাকা, অপভাষা",
                    "synonym": "Dialect, diction, Phraseology, slang",
                    "antonym": "Clear, transparent, understandable"
                },
                {
                    "word": "Jaded",
                    "example": "He felt jaded after working long hours.",
                    "meaning": "ক্লান্ত",
                    "synonym": "Tired by excess or overuse, slightly cynical",
                    "antonym": "Fresh, friendly"
                },
                {
                    "word": "Judicious",
                    "example": "She made a judicious decision.",
                    "meaning": "যুক্তিসম্পন্ন",
                    "synonym": "Sensible, showing judgment",
                    "antonym": "Insensible, apathetic"
                },
                {
                    "word": "Kindle",
                    "example": "The speech kindled hope in the audience.",
                    "meaning": "উৎসাহিত করা",
                    "synonym": "To set fire or ignite, excite, inspire",
                    "antonym": "Discourage, inanimate"
                },
                {
                    "word": "Kinetic",
                    "example": "The kinetic energy of the moving car was high.",
                    "meaning": "গতি সম্পর্কীয়",
                    "synonym": "Relating to motion, characterized by movement",
                    "antonym": "Stagnant"
                },
                {
                    "word": "Knack",
                    "example": "She has a knack for solving puzzles.",
                    "meaning": "দক্ষতা, কৌশল",
                    "synonym": "Adroitness, dexterity, readiness, skillfulness",
                    "antonym": "Awkwardness, inability, ineptitude"
                },
                {
                    "word": "Lenience",
                    "example": "The judge showed lenience towards the first-time offender.",
                    "meaning": "উপশমকারীতা, ক্ষমাশীলতা",
                    "synonym": "Clemency, compassion, mildness, forbearance",
                    "antonym": "Cruelty, retribution, vengeance"
                },
                {
                    "word": "Linger",
                    "example": "The smell of the flowers lingered in the air.",
                    "meaning": "বিলম্ব করা",
                    "synonym": "Abide, delay, tarry, loiter",
                    "antonym": "Expedite, hasten"
                },
                {
                    "word": "Lucid",
                    "example": "Her explanation was lucid and easy to understand.",
                    "meaning": "উজ্জ্বল, স্বচ্ছ, স্পষ্ট",
                    "synonym": "Limpid, transparent, distinct, intelligible",
                    "antonym": "Ambiguous, obscure, vague"
                },
                {
                    "word": "Meek",
                    "example": "The meek child rarely spoke up.",
                    "meaning": "বিনম্র, বংশবদ",
                    "synonym": "Domesticated, gentle, submissive, mild",
                    "antonym": "Fierce, savage, animated, exciting"
                },
                {
                    "word": "Monotonous",
                    "example": "The monotonous sound of the rain made her sleepy.",
                    "meaning": "একঘেয়ে",
                    "synonym": "Burdensome, dilatory, dreary, humdrum, wearisome",
                    "antonym": "Amusing, entertaining, exciting"
                },
                {
                    "word": "Mourn",
                    "example": "They mourned the loss of their loved one.",
                    "meaning": "বিলাপ করা",
                    "synonym": "Bemoan, bewail, lament, deplore",
                    "antonym": "Carouse, celebrate, rejoice"
                },
                {
                    "word": "Nadir",
                    "example": "The team's performance reached its nadir.",
                    "meaning": "সর্বনিম্ন বিন্দু",
                    "synonym": "Lowest point",
                    "antonym": "Pinnacle, summit, zenith"
                },
                {
                    "word": "Noxious",
                    "example": "The noxious fumes filled the room.",
                    "meaning": "ক্ষতিকর",
                    "synonym": "Harmful, unwholesome",
                    "antonym": "Friendly"
                },
                {
                    "word": "Novice",
                    "example": "He is a novice in the field of cooking.",
                    "meaning": "শিক্ষার্থী",
                    "synonym": "Apprentice, beginner, dilettante, neophyte",
                    "antonym": "Adept, expert, master"
                },
                {
                    "word": "Obligation",
                    "example": "He felt an obligation to help his friend.",
                    "meaning": "দায়িত্ব বাধ্যবাধকতা",
                    "synonym": "Accountability, compulsion, responsibility",
                    "antonym": "Exemption, freedom"
                },
                {
                    "word": "Obsolete",
                    "example": "The technology became obsolete within a few years.",
                    "meaning": "অপ্রচলিত",
                    "synonym": "Antiquated, archaic, obsolescent, out-of-date, venerable",
                    "antonym": "Current, extant, modern, recent"
                },
                {
                    "word": "Pacific",
                    "example": "The pacific nature of the region is well-known.",
                    "meaning": "শান্তিকর, শান্তিপ্রিয়",
                    "synonym": "Calm, dispassionate, imperturbable, peaceful, tranquil",
                    "antonym": "Excited, frantic, stormy, turbulent"
                },
                {
                    "word": "Paltry",
                    "example": "The paltry sum was not enough to cover the expenses.",
                    "meaning": "জঘন্য, নীচ",
                    "synonym": "Contemptible, worthless, vile, trifling, mean",
                    "antonym": "Calm, important, significant"
                },
                {
                    "word": "Passion",
                    "example": "She has a passion for painting.",
                    "meaning": "ভাবাবেগ, মনের উত্তেজনা",
                    "synonym": "Agitation, emotion, perturbation, trepidation",
                    "antonym": "Calm, restraint, tranquility"
                },
                {
                    "word": "Perish",
                    "example": "Many species are in danger of perishing.",
                    "meaning": "শেষ হওয়া, ক্ষয় হওয়া",
                    "synonym": "Decay, decline, depart, expire fade, wither",
                    "antonym": "Begin, Nourish, survive"
                },
                {
                    "word": "Perpetual",
                    "example": "The perpetual motion of the waves is mesmerizing.",
                    "meaning": "চিরস্থায়ী",
                    "synonym": "Ceaseless, eternal, everlasting infinite, timeless",
                    "antonym": "Ephemeral, finite, temporal, transient"
                },
                {
                    "word": "Pinnacle",
                    "example": "He reached the pinnacle of his career.",
                    "meaning": "চূড়া",
                    "synonym": "Apex, chief, summit, zenith",
                    "antonym": "Base, bottom, foundation"
                },
                {
                    "word": "Placid",
                    "example": "The placid lake was a beautiful sight.",
                    "meaning": "শান্ত",
                    "synonym": "Dispassionate, imperturbable pacific, peaceful, unruffled",
                    "antonym": "Excited, frantic, stormy, turbulent"
                },
                {
                    "word": "Pragmatic",
                    "example": "She took a pragmatic approach to solving the problem.",
                    "meaning": "প্রায়োগিক, বাস্তবধর্মী, প্রয়োগবাদ সম্পর্কিত",
                    "synonym": "Realistic, practical, materialistic",
                    "antonym": "Quixotic, impractical, unaginative"
                },
                {
                    "word": "Precede",
                    "example": "The introduction precedes the main text.",
                    "meaning": "অগ্রবর্তী হওয়া",
                    "synonym": "Go before in position, time or importance",
                    "antonym": "Follow, pursue"
                },
                {
                    "word": "Pretend",
                    "example": "He pretended to be asleep.",
                    "meaning": "ভান করা, দাবী করা",
                    "synonym": "Assume, feign, profess, claim",
                    "antonym": "Display, exhibit, expose reveal"
                },
                {
                    "word": "Proficient",
                    "example": "She is proficient in multiple languages.",
                    "meaning": "যোগ্য, দক্ষ",
                    "synonym": "Accomplished, adept, competent ingenious",
                    "antonym": "Awkward, bungling, inexpert, untrained"
                },
                {
                    "word": "Prudence",
                    "example": "He acted with prudence in the matter.",
                    "meaning": "পরিণামদর্শিতা, মিতব্যয়িতা",
                    "synonym": "Caution, vigilance, wariness, watchfulness",
                    "antonym": "Abandon, carelessness, recklessness"
                },
                {
                    "word": "Quest",
                    "example": "The quest for knowledge is never-ending.",
                    "meaning": "অনুসন্ধান, অন্বেষণ",
                    "synonym": "Exploration, investigation, query research, scrutiny",
                    "antonym": "Disregard, inactivity, inattention"
                },
                {
                    "word": "Quit",
                    "example": "He decided to quit his job.",
                    "meaning": "ত্যাগ করা, মুক্ত করা",
                    "synonym": "Abandon, give up, relinquish resign",
                    "antonym": "Continue, endure, persist, stay"
                },
                {
                    "word": "Rage",
                    "example": "He was in a rage after the argument.",
                    "meaning": "প্রচন্ড ক্রোধ, ক্রোধোনাত্ত হওয়া",
                    "synonym": "Anger, exasperation, fury, passion, wrath",
                    "antonym": "Conciliation, forbearance patience, self-control"
                },
                {
                    "word": "Ravage",
                    "example": "The storm ravaged the coastal town.",
                    "meaning": "ধ্বংস করা",
                    "synonym": "Despoil, devastate, pillage, plunder, strip",
                    "antonym": "Accumulate, conserve, economize, preserve"
                },
                {
                    "word": "Regal",
                    "example": "She had a regal presence.",
                    "meaning": "রাজকীয়",
                    "synonym": "Dignified, imperial, majestic. monarchial, sovereign, supreme",
                    "antonym": "Common, humble, plebian, proletarian, servile"
                },
                {
                    "word": "Renown",
                    "example": "He gained renown for his discoveries.",
                    "meaning": "খ্যাতি, প্রতিষ্ঠা",
                    "synonym": "Distinction, fame, lustre, reputation, celebrity",
                    "antonym": "Disgrace, disrepute, obscurity"
                },
                {
                    "word": "Revolve",
                    "example": "The Earth revolves around the Sun.",
                    "meaning": "বৃত্তাকারে আবর্তিত হওয়া",
                    "synonym": "Rotate, spin, twirl, wheel, whirl",
                    "antonym": "Proceed, stop. travel"
                },
                {
                    "word": "Robust",
                    "example": "He has a robust constitution.",
                    "meaning": "বলবান",
                    "synonym": "Healthy, sound, strong.",
                    "antonym": "Delicate, frail, infirm."
                },
                {
                    "word": "Ruthless",
                    "example": "The ruthless dictator oppressed his people.",
                    "meaning": "নির্দয়",
                    "synonym": "Barbarous, bestial, brutal, ferocious, merciless, rude",
                    "antonym": "Courteous, gentle, humane, kind."
                },
                {
                    "word": "Sacred",
                    "example": "The temple is a sacred place.",
                    "meaning": "পবিত্র, ধর্ম বিষয়ক",
                    "synonym": "Blessed, religions, divine, spiritual.",
                    "antonym": "Evil, profane, secular worldly."
                },
                {
                    "word": "Salient",
                    "example": "The salient features of the plan were discussed.",
                    "meaning": "বিশিষ্ট, লক্ষণীয়",
                    "synonym": "Affluent, opulent, ample, wealthy,",
                    "antonym": "Inconspicuous, hidden, obscure, concealed."
                },
                {
                    "word": "Shabby",
                    "example": "He wore a shabby coat.",
                    "meaning": "পুরাতন, ঘৃণ্য, জীর্ণ",
                    "synonym": "Candid, frank, ingenuous sagacious.",
                    "antonym": "Crafty, cunning, foxy, trick, vile, despicable, mean."
                },
                {
                    "word": "Shrewd",
                    "example": "She is a shrewd businesswoman.",
                    "meaning": "বিচক্ষণ, ধূর্ত",
                    "synonym": "Applause, commendation,",
                    "antonym": "Calumny, defamation, scandal."
                },
                {
                    "word": "Slander",
                    "example": "He was accused of slander.",
                    "meaning": "নিন্দা, কুৎসা",
                    "synonym": "Distinguished, noticeable, obvious, prominent, striking.",
                    "antonym": "Destitute, needy, inferior, scanty, despicable."
                },
                {
                    "word": "Slender",
                    "example": "She has a slender figure.",
                    "meaning": "পাতলা, সামান্য",
                    "synonym": "Lean, meager, narrow, scanty, slim, tenuous",
                    "antonym": "Broad, bulky, thick, wide."
                },
                {
                    "word": "Sordid",
                    "example": "The sordid details of the scandal shocked everyone.",
                    "meaning": "নোংরা, হীন",
                    "synonym": "Debased, depraved, obscene,",
                    "antonym": "Attractive, decent, laudable, honorable,"
                },
                {
                    "word": "Steadfast",
                    "example": "He remained steadfast in his beliefs.",
                    "meaning": "অবাধ্য, একগুঁয়ে",
                    "synonym": "Contumacious, obstinate, firm, immovable, inflexible, uncompromising.",
                    "antonym": "Amenable, compliant docile, submissive, yielding."
                },
                {
                    "word": "Stolid",
                    "example": "He remained stolid during the crisis.",
                    "meaning": "শান্ত, স্থির",
                    "synonym": "Calm, composed, dispassionate, unruffled",
                    "antonym": "Excited, frantic, turbulent, wild."
                },
                {
                    "word": "Trivial",
                    "example": "The issue seemed trivial at first.",
                    "meaning": "তুচ্ছ",
                    "synonym": "Frivolous, insignificant, paltry, trifling.",
                    "antonym": "Important, serious, weighty."
                },
                {
                    "word": "Urbane",
                    "example": "He is an urbane gentleman.",
                    "meaning": "সভ্য, নম্র",
                    "synonym": "Accomplished, polite, well-mannered.",
                    "antonym": "Boorish, impertinent, rude, uncivil."
                },
                {
                    "word": "Utter",
                    "example": "He uttered a few words.",
                    "meaning": "প্রকাশ করা, প্রকট করা",
                    "synonym": "Complete, downright, supreme, absolute, unqualified, express",
                    "antonym": "Deficient, incomplete, lacking, faulty, imperfect."
                },
                {
                    "word": "Vague",
                    "example": "His explanation was vague.",
                    "meaning": "অস্পষ্ট",
                    "synonym": "Ambiguous, hazy, indistinct, uncertain, unsettled.",
                    "antonym": "Clear, explicit, lucid, specific."
                },
                {
                    "word": "Vigorous",
                    "example": "He is a vigorous young man.",
                    "meaning": "বলবান, উৎসাহী",
                    "synonym": "Active, energetic, spirited, sprightly, vivacious.",
                    "antonym": "Dull, insipid, stale, vapid."
                },
                {
                    "word": "Volatile",
                    "example": "The situation is volatile.",
                    "meaning": "অস্থিরচিত্ত, চঞ্চল",
                    "synonym": "Resilient, fickle, changeable, light-hearted.",
                    "antonym": "Depressed, despondent, sullen."
                },
                {
                    "word": "Witty",
                    "example": "She is known for her witty remarks.",
                    "meaning": "রসিক ও বুদ্ধিমান",
                    "synonym": "Adroit, funny, talented, ingenious.",
                    "antonym": "Awkward, clumsy, unskilled, foolish."
                },
                {
                    "word": "Wreck",
                    "example": "The storm wrecked the ship.",
                    "meaning": "ধ্বংস, ভগ্নাবশেষ",
                    "synonym": "Demolish, destroy, devastate.",
                    "antonym": "Establish, preserve, construct."
                },
                {
                    "word": "Zeal",
                    "example": "She worked with great zeal.",
                    "meaning": "আবেগপূর্ব আগ্রহ",
                    "synonym": "Devotion, enthusiasm, fervency, fervor, intensity.",
                    "antonym": "Apathy, indifference unconcern, detachment."
                },
                {
                    "word": "Zenith",
                    "example": "He reached the zenith of his career.",
                    "meaning": "সর্বোচ্চস্থান, চরম অবস্থা",
                    "synonym": "Acme, apex, climax, culmination, pinnacle.",
                    "antonym": "Anticlimax, base floor, lowest point."
                }
            ]
        },
        {
            "name": "Set 2: Advanced Words",
            "cards": [
                {
                    "word": "Abdicate",
                    "example": "The king decided to abdicate the throne.",
                    "meaning": "পরিত্যাগ করা",
                    "synonym": "Give up, renounce, surrender",
                    "antonym": "Possess, accession, admit, include"
                },
                {
                    "word": "Abduct",
                    "example": "The child was abducted from the park.",
                    "meaning": "অপহরণ করা",
                    "synonym": "Carry-off, kidnap, lay down",
                    "antonym": ""
                },
                {
                    "word": "Abeyance",
                    "example": "The project is in abeyance until further notice.",
                    "meaning": "স্থগিত কাজ",
                    "synonym": "Suspended",
                    "antonym": "Commence, start"
                },
                {
                    "word": "Abet",
                    "example": "He was accused of abetting the crime.",
                    "meaning": "সাহায্য করা",
                    "synonym": "Aid, assist, instigate",
                    "antonym": "Hindrance, hold up, bar"
                },
                {
                    "word": "Abominate",
                    "example": "She abominates cruelty to animals.",
                    "meaning": "ঘৃণা করা",
                    "synonym": "Detest, abhor, despise",
                    "antonym": "Like, crave, relish, adore"
                },
                {
                    "word": "Abrade",
                    "example": "The rough surface abraded his skin.",
                    "meaning": "ঘষে তুলে ফেলা, আকস্মিক",
                    "synonym": "Steep, sudden, disconnected",
                    "antonym": "Blunt, slow"
                },
                {
                    "word": "Abstain",
                    "example": "He decided to abstain from alcohol.",
                    "meaning": "বিরত থাকা",
                    "synonym": "Refrain, avoid",
                    "antonym": "Pursue, assist"
                },
                {
                    "word": "Accord",
                    "example": "The two parties reached an accord.",
                    "meaning": "দেওয়া, মিল হওয়া",
                    "synonym": "Admit, allow, agree",
                    "antonym": "Oppose, challenge, disallow"
                },
                {
                    "word": "Acquit",
                    "example": "The jury decided to acquit the defendant.",
                    "meaning": "দোষ হতে মুক্ত করা",
                    "synonym": "Free from place innocent",
                    "antonym": "Convict, find guilty"
                },
                {
                    "word": "Adroit",
                    "example": "She is adroit at handling difficult situations.",
                    "meaning": "নিপুন, দক্ষ",
                    "synonym": "Skilful, dexterous, skilled",
                    "antonym": "Clumsy, awkward, unskilled"
                },
                {
                    "word": "Affront",
                    "example": "His rude remark was an affront to her dignity.",
                    "meaning": "অপমান করা, বেপরোয়াভাবে মৃত্যুর সম্মুখীন হওয়া",
                    "synonym": "Insult, dishonor, abuse, debase, disgrace",
                    "antonym": "Honor, praise, dignify"
                },
                {
                    "word": "Altercation",
                    "example": "The altercation between the two neighbors escalated quickly.",
                    "meaning": "ঝগড়া করা",
                    "synonym": "Controversy, quarrel",
                    "antonym": "Amity, relationship"
                },
                {
                    "word": "Allot",
                    "example": "The teacher allotted time for each student to present.",
                    "meaning": "বন্টন করা",
                    "synonym": "Grant, distribute, give",
                    "antonym": "Reject, disarrange, preserve"
                },
                {
                    "word": "Amend",
                    "example": "The law was amended to include new provisions.",
                    "meaning": "সংশোধন করা, উন্নত করা",
                    "synonym": "Improve, better, advance",
                    "antonym": "Corrupt, reduce"
                },
                {
                    "word": "Anonymous",
                    "example": "The author chose to remain anonymous.",
                    "meaning": "রচয়িতার নামহীন",
                    "synonym": "Nameless, unnamed",
                    "antonym": "Named, signed"
                },
                {
                    "word": "Annul",
                    "example": "The court decided to annul the contract.",
                    "meaning": "লোপ করা, রহিত করা",
                    "synonym": "Repeal, obliterate, cancel, wipe out",
                    "antonym": "Imprint, confirm, renew"
                },
                {
                    "word": "Approximation",
                    "example": "The approximation of the value was close enough.",
                    "meaning": "আসন্ন মান",
                    "synonym": "Similarity, nearness",
                    "antonym": "Difference, variation, diversity, change"
                },
                {
                    "word": "Audacity",
                    "example": "He had the audacity to question the manager's decision.",
                    "meaning": "উদ্ধতভাব, সাহস",
                    "synonym": "Boldness, impudence, pride",
                    "antonym": "Mildness, meekness"
                },
                {
                    "word": "Aversion",
                    "example": "She has an aversion to public speaking.",
                    "meaning": "অত্যন্ত বিরূপভাব",
                    "synonym": "Strong dislike, apathy",
                    "antonym": "Liking, choice, approbation"
                },
                {
                    "word": "Banish",
                    "example": "The king decided to banish the traitor.",
                    "meaning": "নির্বাসিত করা, দূরীভূত করা",
                    "synonym": "Exile, expel, dismiss, outcaste, deport",
                    "antonym": "Welcome, accept, repatriate, receive"
                },
                {
                    "word": "Benediction",
                    "example": "The priest gave a benediction at the end of the service.",
                    "meaning": "আশীর্বাদ",
                    "synonym": "Blessing, boon",
                    "antonym": "Curse, imprecation, malediction"
                },
                {
                    "word": "Beguile",
                    "example": "He tried to beguile her with his charm.",
                    "meaning": "প্রতারণা করা, অন্যমনোযোগী করা",
                    "synonym": "Deceive, trick, disappoint",
                    "antonym": ""
                },
                {
                    "word": "Belligerent",
                    "example": "The belligerent nations were on the brink of war.",
                    "meaning": "যুদ্ধপ্রিয়, শত্রুভাবাপন্ন",
                    "synonym": "Hostile, warlike, inimical",
                    "antonym": "Peaceful, mild, friendly"
                },
                {
                    "word": "Break",
                    "example": "The glass will break if you drop it.",
                    "meaning": "ভাঙ্গা, লঙ্গন করা, বিরতি, ফাটল",
                    "synonym": "Shatter, split, tear, infringe, breach, interruption",
                    "antonym": "Mend, associate, conjoin"
                },
                {
                    "word": "Brim",
                    "example": "The cup was filled to the brim.",
                    "meaning": "নদী বা হ্রদের কিনারা, বাসন কোসনের প্রান্তভাগ",
                    "synonym": "Edge, outline, circumference",
                    "antonym": "Interior, center, base"
                },
                {
                    "word": "Calling",
                    "example": "Teaching is her true calling.",
                    "meaning": "পেশা",
                    "synonym": "Occupation, profession, trade, craft, vocation",
                    "antonym": "Pastime, avocation, amusement"
                },
                {
                    "word": "Caprice",
                    "example": "Her decision was based on caprice rather than logic.",
                    "meaning": "খামখেয়ালী",
                    "synonym": "Whim, fancy, vagary",
                    "antonym": "Consistency, firmness, steadiness"
                },
                {
                    "word": "Comely",
                    "example": "She was a comely woman with a warm smile.",
                    "meaning": "সুশ্রী",
                    "synonym": "Handsome, pretty, pleasing",
                    "antonym": "Uninviting, repellent"
                },
                {
                    "word": "Conquer",
                    "example": "They set out to conquer the mountain.",
                    "meaning": "পরাজিত করা, অতিক্রম করা",
                    "synonym": "Subdue, overcome, checkmate, surmount",
                    "antonym": "Give up, discontinue"
                },
                {
                    "word": "Contend",
                    "example": "He had to contend with many difficulties.",
                    "meaning": "বিবাদ করা, প্রতিযোগিতা করা, চেষ্টা করা",
                    "synonym": "Compete, combat, grapple, strain, antagonize",
                    "antonym": "Abandon, quit, desert"
                },
                {
                    "word": "Corroborate",
                    "example": "The witness corroborated his story.",
                    "meaning": "সমর্থন করা",
                    "synonym": "Confirm, endorse, approve, support",
                    "antonym": "Contradict, disavow"
                },
                {
                    "word": "Cursory",
                    "example": "He gave the report a cursory glance.",
                    "meaning": "দ্রুত, ভাসাভাসা",
                    "synonym": "Hasty, superficial",
                    "antonym": "Sluggish, slow"
                },
                {
                    "word": "Decorous",
                    "example": "Her behavior was always decorous.",
                    "meaning": "শোভন, উপযুক্ত",
                    "synonym": "Decent, proper, elegant, charming",
                    "antonym": "Improper, unbecoming, inelegant"
                },
                {
                    "word": "Demolish",
                    "example": "The old building was demolished to make way for a new one.",
                    "meaning": "ধ্বংস করা",
                    "synonym": "Raze, overturn, wreck, devastate, dismantle",
                    "antonym": "Embellish, restore, construct"
                },
                {
                    "word": "Desert",
                    "example": "He decided to desert his post.",
                    "meaning": "ত্যাগ করা",
                    "synonym": "Forsake, abandon, quit, abdicate",
                    "antonym": "Abide, remain, tarry"
                },
                {
                    "word": "Despair",
                    "example": "He was in despair after losing his job.",
                    "meaning": "হতাশা",
                    "synonym": "Desperation, discouragement, despondency, dejection",
                    "antonym": "Courage, confidence, expectancy, elation"
                },
                {
                    "word": "Despise",
                    "example": "She despised his rude behavior.",
                    "meaning": "অবজ্ঞা করা, ঘৃণা করা",
                    "synonym": "Scorn, disdain, contempt, deride, abhor, loathe",
                    "antonym": "Cherish, exalt, applaud, admire, glorify"
                },
                {
                    "word": "Diffuse",
                    "example": "The light was diffused through the curtains.",
                    "meaning": "প্রচার করা",
                    "synonym": "Disperse, circulate, disseminate",
                    "antonym": "Confined, limited, abbreviated"
                },
                {
                    "word": "Discord",
                    "example": "There was discord among the team members.",
                    "meaning": "মতভেদ, সুরের অমিল",
                    "synonym": "Disagreement, conflict, animosity, dissonance",
                    "antonym": "Harmony, concord, accordance, amity"
                },
                {
                    "word": "Dismay",
                    "example": "The news of the accident filled her with dismay.",
                    "meaning": "ভীত করা, নিরুৎসাহিত করা",
                    "synonym": "Terrify, daunt, dishearten, intimidate, abash, appall",
                    "antonym": "Laud, inspire, incite, favor"
                },
                {
                    "word": "Discrete",
                    "example": "The two issues are discrete and should be treated separately.",
                    "meaning": "ভিন্ন, পৃথক",
                    "synonym": "Distinct, separate",
                    "antonym": "Grouped"
                },
                {
                    "word": "Exile",
                    "example": "He was sent into exile for his political views.",
                    "meaning": "নির্বাসন",
                    "synonym": "Banishment, deportation, extradition, expatriation",
                    "antonym": "Admittance, expulsion, retrieval"
                },
                {
                    "word": "Exotic",
                    "example": "She wore an exotic dress to the party.",
                    "meaning": "বিদেশী, অদ্ভুত",
                    "synonym": "Outlandish, foreign, strange",
                    "antonym": "Native, ordinary, endemic, indigenous"
                },
                {
                    "word": "Ensue",
                    "example": "Chaos ensued after the announcement.",
                    "meaning": "অনুসরণ করা, উৎপন্ন হওয়া",
                    "synonym": "Follow, come next, accompany, result",
                    "antonym": "Precede, guide, lead"
                },
                {
                    "word": "Entangle",
                    "example": "He became entangled in a web of lies.",
                    "meaning": "জড়িত করা, ফাঁদে ফেলা",
                    "synonym": "Embroil, implicate, incriminate, involve, ensnare",
                    "antonym": "Disengage, extricate, separate"
                },
                {
                    "word": "Evade",
                    "example": "He tried to evade the question.",
                    "meaning": "কৌশলে পালানো",
                    "synonym": "Avert, avoid, escape, shun",
                    "antonym": "Catch, confront, face"
                },
                {
                    "word": "Extract",
                    "example": "She extracted the key points from the report.",
                    "meaning": "উদ্ধৃত করা",
                    "synonym": "Withdraw",
                    "antonym": "Abide, remain, tarry"
                },
                {
                    "word": "Fabrication",
                    "example": "The story was a complete fabrication.",
                    "meaning": "মনগড়া গল্প",
                    "synonym": "Allegory, invention, story",
                    "antonym": "Fact, history, reality, truth"
                },
                {
                    "word": "Fumble",
                    "example": "He fumbled with the keys before finding the right one.",
                    "meaning": "আনাড়ীর মত কাজ করা, এলোমেলো কথা বলা",
                    "synonym": "Handle clumsily, mumble",
                    "antonym": "Handle skillfully"
                },
                {
                    "word": "Garrulous",
                    "example": "The garrulous old man talked for hours.",
                    "meaning": "বাচাল",
                    "synonym": "Laconic, reticent, silent, taciturn",
                    "antonym": "Chattering, chatty, loquacious, talkative"
                },
                {
                    "word": "Giggle",
                    "example": "The children started to giggle during the movie.",
                    "meaning": "চেপে হাসা",
                    "synonym": "Cackle, jeer, laugh, mock",
                    "antonym": "Loud-laugh, guffaw, horse-laugh"
                },
                {
                    "word": "Glum",
                    "example": "He looked glum after hearing the bad news.",
                    "meaning": "বিষণ্ণ, ভ্রূকুটি-কুটিল",
                    "synonym": "Grabbed, gloomy, sullen, frowning",
                    "antonym": "Amiable, joyous, merry"
                },
                {
                    "word": "Hasten",
                    "example": "She hastened to finish her work before the deadline.",
                    "meaning": "দ্রুত করা",
                    "synonym": "Accelerate, expedite, hurry, rush",
                    "antonym": "Delay, detain, retard"
                },
                {
                    "word": "Hurl",
                    "example": "He hurled the ball across the field.",
                    "meaning": "বলপূর্বক নিক্ষেপ করা",
                    "synonym": "Cast, fling, propel, thrust",
                    "antonym": "Draw, haul, pull"
                },
                {
                    "word": "Husbandry",
                    "example": "Good husbandry is essential for sustainable farming.",
                    "meaning": "কৃষি, পরিমিত ব্যয়",
                    "synonym": "Agriculture, thriftiness, economical",
                    "antonym": "Munificence, generosity, extravagance"
                },
                {
                    "word": "Imperil",
                    "example": "The storm imperiled the small boat.",
                    "meaning": "বিপন্ন করা",
                    "synonym": "Endanger, jeopardize, peril",
                    "antonym": "Guard, insure"
                },
                {
                    "word": "Implore",
                    "example": "She implored him to stay.",
                    "meaning": "সংশোধনীর জন্য প্রার্থনা করা",
                    "synonym": "Plead, beseech, crave, importune, petition, solicit",
                    "antonym": ""
                },
                {
                    "word": "Incompatible",
                    "example": "Their personalities are incompatible.",
                    "meaning": "অসংগত, অনুপযোগী",
                    "synonym": "Contradictory, incongruous, paradoxical, discrepant",
                    "antonym": "Compatible, consistent, correspondent"
                },
                {
                    "word": "Incorrigible",
                    "example": "He is an incorrigible optimist.",
                    "meaning": "সংশোধন করা যায় না এমন",
                    "synonym": "Irreclaimable, insurmountable, impregnable, invincible, indomitable",
                    "antonym": "Correctable"
                },
                {
                    "word": "Intrude",
                    "example": "He intruded into the private meeting.",
                    "meaning": "অনধিকার প্রবেশ করা",
                    "synonym": "Encroach, invade, trespass",
                    "antonym": "Evacuate, relinquish, vacate"
                },
                {
                    "word": "Jester",
                    "example": "The jester entertained the king with his jokes.",
                    "meaning": "পরিহাসকারী, ভাঁড়",
                    "synonym": "Buffoon, clown, fool, harlequin",
                    "antonym": "Genius, sage, scholar"
                },
                {
                    "word": "Limpid",
                    "example": "The limpid water of the lake was crystal clear.",
                    "meaning": "স্বচ্ছ, বিশুদ্ধ",
                    "synonym": "Transparent, pure, translucent, unobstructed",
                    "antonym": "Unholy, adulterated, opaque"
                },
                {
                    "word": "Lust",
                    "example": "He had a lust for power.",
                    "meaning": "লোভ, কামনা",
                    "synonym": "Aspiration, craving, hunger, longing, yearning",
                    "antonym": "Abomination, aversion, distaste, loathe"
                },
                {
                    "word": "Lustre",
                    "example": "The lustre of the diamond was breathtaking.",
                    "meaning": "ঔজ্জ্বল্য, দীপ্তি, খ্যাতি",
                    "synonym": "Brightness, effulgence, radiance, splendor",
                    "antonym": "Darkness, dullness, gloom"
                },
                {
                    "word": "Manifest",
                    "example": "His anger was manifest in his expression.",
                    "meaning": "সুস্পষ্ট",
                    "synonym": "Clear, apparent, lucid, evident",
                    "antonym": "Cloudy, ambiguous, obscure, unclear"
                },
                {
                    "word": "Melancholy",
                    "example": "The melancholy music brought tears to her eyes.",
                    "meaning": "দুঃখজনক, হতাশ",
                    "synonym": "Dejected, despondent, disconsolate, dismal, doleful, gloomy, somber",
                    "antonym": "Cheerful, happy, joyous, merry"
                },
                {
                    "word": "Nimble",
                    "example": "The nimble gymnast performed a flawless routine.",
                    "meaning": "চঞ্চল",
                    "synonym": "Agile, brisk, lively, spry, supple",
                    "antonym": "Clumsy, inept, slow, sluggish"
                },
                {
                    "word": "Nonplus",
                    "example": "The difficult question nonplussed the student.",
                    "meaning": "হতবুদ্ধি করা",
                    "synonym": "Confound, confuse, dumbfound, perplex, puzzle",
                    "antonym": "Explain, illumine, instruct"
                },
                {
                    "word": "Obstinate",
                    "example": "He was obstinate in his refusal to apologize.",
                    "meaning": "দৃঢ়প্রতিজ্ঞ, একগুঁয়ে",
                    "synonym": "Contumacious, determined, stubborn, uncompromising, unyielding",
                    "antonym": "Amenable, compliant, docile, submissive"
                },
                {
                    "word": "Oversight",
                    "example": "The oversight led to a major error in the report.",
                    "meaning": "অবহেলার জন্য ভুল, তত্ত্বাবধান",
                    "synonym": "Inattention, neglect, omission",
                    "antonym": "Attention, care, observation"
                },
                {
                    "word": "Paradoxical",
                    "example": "The situation was paradoxical and hard to understand.",
                    "meaning": "বিরোধী, অথচ সত্য, প্রচলিত মতবিরোধী",
                    "synonym": "Contradictory, incompatible, incongruous",
                    "antonym": "Compatible, correspondent, congruous"
                },
                {
                    "word": "Partisan",
                    "example": "The partisan crowd cheered for their team.",
                    "meaning": "পক্ষভুক্ত লোক",
                    "synonym": "Adherent, devotee, hunch, man, successor",
                    "antonym": "Chief, head, leader, master"
                },
                {
                    "word": "Perceive",
                    "example": "She perceived a change in his attitude.",
                    "meaning": "উপলব্ধি করা",
                    "synonym": "Conceive, apprehend, discern, recognize, comprehend",
                    "antonym": "Ignore, miss, overlook"
                },
                {
                    "word": "Pledge",
                    "example": "He made a pledge to support the cause.",
                    "meaning": "প্রতিশ্রুতি, বন্ধকী জিনিস",
                    "synonym": "Agreement",
                    "antonym": "Neglect, mistrust, release, renounce"
                },
                {
                    "word": "Prodigious",
                    "example": "The prodigious talent of the young musician amazed everyone.",
                    "meaning": "অসাধারণ",
                    "synonym": "Familiar, frequent, extraordinary, amazing, astonishing",
                    "antonym": "Commonplace, insignificant, ordinary"
                },
                {
                    "word": "Propensity",
                    "example": "He has a propensity for taking risks.",
                    "meaning": "প্রবণতা",
                    "synonym": "Inclination, predisposition, trend, bias",
                    "antonym": "Aversion, deviation, disinclination"
                },
                {
                    "word": "Quaint",
                    "example": "The quaint little village was charming.",
                    "meaning": "রমণীয়, অদ্ভুত",
                    "synonym": "Odd, peculiar, queer, whimsical",
                    "antonym": "Common, familiar, ordinary"
                },
                {
                    "word": "Radiance",
                    "example": "The radiance of the sun lit up the room.",
                    "meaning": "ঔজ্জ্বল্য, প্রভা",
                    "synonym": "Brilliancy, effulgence, luster, splendor",
                    "antonym": "Darkness, dullness, gloom, obscurity"
                },
                {
                    "word": "Ravenous",
                    "example": "After the hike, they were ravenous.",
                    "meaning": "অতি ক্ষুধার্ত, উদরসর্বস্ব",
                    "synonym": "Craving, famished, starved",
                    "antonym": "Gorged, sated, satiated"
                },
                {
                    "word": "Rebellious",
                    "example": "The rebellious teenager refused to follow the rules.",
                    "meaning": "বিদ্রোহী, অবাধ্য",
                    "synonym": "Defiant, insubordinate, unruly, refractory",
                    "antonym": "Compliant, obedient, submissive"
                },
                {
                    "word": "Rebuke",
                    "example": "The teacher rebuked the student for being late.",
                    "meaning": "তিরস্কার করা",
                    "synonym": "Accuse, censure, implicate, reproach",
                    "antonym": "Absolve, acquit, exonerate"
                },
                {
                    "word": "Refrain",
                    "example": "He refrained from making any comments.",
                    "meaning": "বিরত থাকা, আত্মসংবরণ করা, পরিত্যাগ করা, দমন করা, সংযত করা",
                    "synonym": "Abstain, desist",
                    "antonym": "Continue, indulge, persist"
                },
                {
                    "word": "Relinquish",
                    "example": "He relinquished his claim to the property.",
                    "meaning": "ত্যাগ করা",
                    "synonym": "Capitulate, abandon, acquiesce, resign, sacrifice",
                    "antonym": "Conquer, overcome, claim"
                },
                {
                    "word": "Restrain",
                    "example": "She had to restrain her anger.",
                    "meaning": "দমন করা",
                    "synonym": "Bridle, check, hinder, inhibit, repress, suppress",
                    "antonym": "Encourage, incite"
                },
                {
                    "word": "Rigorous",
                    "example": "The rigorous training prepared them for the competition.",
                    "meaning": "কঠোর, দয়াশূন্য, উগ্র",
                    "synonym": "Harsh, rough, stern, stringent, unfeeling",
                    "antonym": "Gentle, lenient, mild, melodious"
                },
                {
                    "word": "Scrutinize",
                    "example": "The detective scrutinized the evidence carefully.",
                    "meaning": "তদন্ত করা, পরীক্ষা করা",
                    "synonym": "Analyze, evaluate, examine, investigate",
                    "antonym": "Approve, neglect, overlook"
                },
                {
                    "word": "Shatter",
                    "example": "The glass shattered into pieces.",
                    "meaning": "খণ্ড করা, ধ্বংস করা",
                    "synonym": "Break, demolish, destroy, infringe, rupture",
                    "antonym": "Join, mend, renovate, repair"
                },
                {
                    "word": "Speculate",
                    "example": "He speculated on the outcome of the election.",
                    "meaning": "চিন্তা করা, ঝুঁকি নেওয়া",
                    "synonym": "Apprehend, assume, guess, presume, consider",
                    "antonym": "Ascertain, demonstrate, prove"
                },
                {
                    "word": "Steep",
                    "example": "The steep hill was difficult to climb.",
                    "meaning": "খাড়া, অযৌক্তিক",
                    "synonym": "Abrupt, hilly, precipitous, unreasonable",
                    "antonym": "Flat, gradual, level"
                },
                {
                    "word": "Stumble",
                    "example": "He stumbled over the uneven path.",
                    "meaning": "পতিত হওয়া, হোঁচট খাওয়া",
                    "synonym": "Collapse, fall, topple, tumble",
                    "antonym": "Arise, ascend, climb, steady"
                },
                {
                    "word": "Taunt",
                    "example": "The bully taunted the smaller boy.",
                    "meaning": "বিদ্রূপ করা",
                    "synonym": "Jeer, mock, scoff, tease",
                    "antonym": "Compliment, flatter, praise"
                },
                {
                    "word": "Tenacity",
                    "example": "Her tenacity helped her overcome the challenges.",
                    "meaning": "আঠালোভাব, একগুঁয়েমি",
                    "synonym": "Constancy, perseverance, persistence",
                    "antonym": "Cessation, laziness, rest"
                },
                {
                    "word": "Torpid",
                    "example": "The torpid bear slept through the winter.",
                    "meaning": "অসাড়, সুপ্ত",
                    "synonym": "Inactive, dormant",
                    "antonym": "Diligent"
                },
                {
                    "word": "Untoward",
                    "example": "The untoward incident disrupted the event.",
                    "meaning": "অবাধ্য, প্রতিকূল",
                    "synonym": "Contrary, disobedient, obstinate, intractable",
                    "antonym": "Agreeable, obliging, docile, tractable"
                },
                {
                    "word": "Utopian",
                    "example": "His utopian vision of the future was inspiring.",
                    "meaning": "কাল্পনিক",
                    "synonym": "Exemplary, fancied, imaginary, unreal",
                    "antonym": "Actual, imperfect, material"
                },
                {
                    "word": "Vacillate",
                    "example": "He vacillated between the two options.",
                    "meaning": "এদিক ওদিক দোলা, ইতস্তত করা, টলমল করা",
                    "synonym": "Hesitate, distrust, oscillate, fluctuate, waver",
                    "antonym": "Persist, decide, rely on, adhere"
                },
                {
                    "word": "Valiant",
                    "example": "The valiant soldier fought bravely.",
                    "meaning": "সাহসী, বীরোচিত",
                    "synonym": "Adventurous, brave, courageous, fearless, heroic",
                    "antonym": "Cowardly, cringing, fearful, timid"
                },
                {
                    "word": "Waver",
                    "example": "She wavered in her decision.",
                    "meaning": "দ্বিধাগ্রস্ত হওয়া",
                    "synonym": "Hesitate, oscillate",
                    "antonym": "Believe, confide, trust"
                },
                {
                    "word": "Wrath",
                    "example": "His wrath was evident when he heard the news.",
                    "meaning": "রাগ",
                    "synonym": "Rage, anger, fury, vengeance",
                    "antonym": "Coolness, calmness, pacified"
                },
                {
                    "word": "Xanthic",
                    "example": "The xanthic leaves glowed in the sunlight.",
                    "meaning": "হলদেটে",
                    "synonym": "Yellow",
                    "antonym": ""
                },
                {
                    "word": "Yearn",
                    "example": "She yearned for a chance to travel.",
                    "meaning": "উৎসুক হওয়া",
                    "synonym": "Aspiration, craving, desire, lust",
                    "antonym": "Abomination, aversion, distaste, hate, loathing"
                },
                {
                    "word": "Yielding",
                    "example": "The yielding soil was perfect for farming.",
                    "meaning": "একগুঁয়ে নয় এমন",
                    "synonym": "Compliant, docile, deferential",
                    "antonym": "Obstinate, stubborn, refractory"
                },
                {
                    "word": "Zest",
                    "example": "He approached the task with zest.",
                    "meaning": "সুস্বাদু, আগ্রহ",
                    "synonym": "Appetite, relish, enjoyment",
                    "antonym": "Aversion, hatred"
                }
            ]
        }
    ]
}
